Month,skincare: (United Kingdom),Date
2004-01,21,01/01/2004
2004-02,12,01/02/2004
2004-03,16,01/03/2004
2004-04,19,01/04/2004
2004-05,23,01/05/2004
2004-06,24,01/06/2004
2004-07,17,01/07/2004
2004-08,22,01/08/2004
2004-09,20,01/09/2004
2004-10,20,01/10/2004
2004-11,17,01/11/2004
2004-12,20,01/12/2004
2005-01,19,01/01/2005
2005-02,25,01/02/2005
2005-03,18,01/03/2005
2005-04,25,01/04/2005
2005-05,21,01/05/2005
2005-06,17,01/06/2005
2005-07,20,01/07/2005
2005-08,20,01/08/2005
2005-09,18,01/09/2005
2005-10,16,01/10/2005
2005-11,19,01/11/2005
2005-12,17,01/12/2005
2006-01,18,01/01/2006
2006-02,25,01/02/2006
2006-03,19,01/03/2006
2006-04,17,01/04/2006
2006-05,13,01/05/2006
2006-06,20,01/06/2006
2006-07,15,01/07/2006
2006-08,17,01/08/2006
2006-09,16,01/09/2006
2006-10,18,01/10/2006
2006-11,16,01/11/2006
2006-12,18,01/12/2006
2007-01,19,01/01/2007
2007-02,21,01/02/2007
2007-03,19,01/03/2007
2007-04,20,01/04/2007
2007-05,19,01/05/2007
2007-06,20,01/06/2007
2007-07,18,01/07/2007
2007-08,16,01/08/2007
2007-09,16,01/09/2007
2007-10,15,01/10/2007
2007-11,19,01/11/2007
2007-12,15,01/12/2007
2008-01,17,01/01/2008
2008-02,19,01/02/2008
2008-03,16,01/03/2008
2008-04,21,01/04/2008
2008-05,14,01/05/2008
2008-06,14,01/06/2008
2008-07,15,01/07/2008
2008-08,15,01/08/2008
2008-09,15,01/09/2008
2008-10,12,01/10/2008
2008-11,14,01/11/2008
2008-12,13,01/12/2008
2009-01,15,01/01/2009
2009-02,16,01/02/2009
2009-03,16,01/03/2009
2009-04,15,01/04/2009
2009-05,13,01/05/2009
2009-06,11,01/06/2009
2009-07,12,01/07/2009
2009-08,12,01/08/2009
2009-09,10,01/09/2009
2009-10,10,01/10/2009
2009-11,11,01/11/2009
2009-12,11,01/12/2009
2010-01,9,01/01/2010
2010-02,9,01/02/2010
2010-03,11,01/03/2010
2010-04,13,01/04/2010
2010-05,10,01/05/2010
2010-06,10,01/06/2010
2010-07,11,01/07/2010
2010-08,11,01/08/2010
2010-09,10,01/09/2010
2010-10,10,01/10/2010
2010-11,11,01/11/2010
2010-12,11,01/12/2010
2011-01,15,01/01/2011
2011-02,14,01/02/2011
2011-03,14,01/03/2011
2011-04,14,01/04/2011
2011-05,16,01/05/2011
2011-06,15,01/06/2011
2011-07,20,01/07/2011
2011-08,15,01/08/2011
2011-09,15,01/09/2011
2011-10,14,01/10/2011
2011-11,15,01/11/2011
2011-12,16,01/12/2011
2012-01,16,01/01/2012
2012-02,15,01/02/2012
2012-03,16,01/03/2012
2012-04,16,01/04/2012
2012-05,17,01/05/2012
2012-06,15,01/06/2012
2012-07,16,01/07/2012
2012-08,14,01/08/2012
2012-09,14,01/09/2012
2012-10,14,01/10/2012
2012-11,16,01/11/2012
2012-12,14,01/12/2012
2013-01,16,01/01/2013
2013-02,16,01/02/2013
2013-03,15,01/03/2013
2013-04,16,01/04/2013
2013-05,16,01/05/2013
2013-06,15,01/06/2013
2013-07,16,01/07/2013
2013-08,15,01/08/2013
2013-09,17,01/09/2013
2013-10,16,01/10/2013
2013-11,16,01/11/2013
2013-12,17,01/12/2013
2014-01,18,01/01/2014
2014-02,18,01/02/2014
2014-03,19,01/03/2014
2014-04,19,01/04/2014
2014-05,17,01/05/2014
2014-06,17,01/06/2014
2014-07,16,01/07/2014
2014-08,17,01/08/2014
2014-09,17,01/09/2014
2014-10,16,01/10/2014
2014-11,22,01/11/2014
2014-12,21,01/12/2014
2015-01,22,01/01/2015
2015-02,19,01/02/2015
2015-03,21,01/03/2015
2015-04,21,01/04/2015
2015-05,21,01/05/2015
2015-06,19,01/06/2015
2015-07,20,01/07/2015
2015-08,20,01/08/2015
2015-09,18,01/09/2015
2015-10,20,01/10/2015
2015-11,21,01/11/2015
2015-12,20,01/12/2015
2016-01,26,01/01/2016
2016-02,26,01/02/2016
2016-03,23,01/03/2016
2016-04,25,01/04/2016
2016-05,23,01/05/2016
2016-06,22,01/06/2016
2016-07,20,01/07/2016
2016-08,21,01/08/2016
2016-09,22,01/09/2016
2016-10,24,01/10/2016
2016-11,30,01/11/2016
2016-12,29,01/12/2016
2017-01,29,01/01/2017
2017-02,29,01/02/2017
2017-03,30,01/03/2017
2017-04,31,01/04/2017
2017-05,29,01/05/2017
2017-06,24,01/06/2017
2017-07,29,01/07/2017
2017-08,29,01/08/2017
2017-09,28,01/09/2017
2017-10,30,01/10/2017
2017-11,36,01/11/2017
2017-12,35,01/12/2017
2018-01,37,01/01/2018
2018-02,38,01/02/2018
2018-03,41,01/03/2018
2018-04,39,01/04/2018
2018-05,34,01/05/2018
2018-06,33,01/06/2018
2018-07,31,01/07/2018
2018-08,35,01/08/2018
2018-09,36,01/09/2018
2018-10,40,01/10/2018
2018-11,46,01/11/2018
2018-12,44,01/12/2018
2019-01,43,01/01/2019
2019-02,45,01/02/2019
2019-03,44,01/03/2019
2019-04,46,01/04/2019
2019-05,49,01/05/2019
2019-06,43,01/06/2019
2019-07,41,01/07/2019
2019-08,45,01/08/2019
2019-09,51,01/09/2019
2019-10,53,01/10/2019
2019-11,62,01/11/2019
2019-12,56,01/12/2019
2020-01,52,01/01/2020
2020-02,55,01/02/2020
2020-03,54,01/03/2020
2020-04,93,01/04/2020
2020-05,100,01/05/2020
2020-06,83,01/06/2020
2020-07,72,01/07/2020
2020-08,66,01/08/2020
2020-09,64,01/09/2020
2020-10,69,01/10/2020
2020-11,95,01/11/2020
2020-12,80,01/12/2020
2021-01,88,01/01/2021
2021-02,78,01/02/2021
2021-03,78,01/03/2021
2021-04,79,01/04/2021
2021-05,63,01/05/2021
2021-06,57,01/06/2021
2021-07,55,01/07/2021
2021-08,47,01/08/2021
2021-09,54,01/09/2021
2021-10,61,01/10/2021
2021-11,67,01/11/2021
2021-12,69,01/12/2021
2022-01,71,01/01/2022
2022-02,70,01/02/2022
2022-03,65,01/03/2022
2022-04,68,01/04/2022
2022-05,60,01/05/2022
2022-06,64,01/06/2022
2022-07,57,01/07/2022
2022-08,67,01/08/2022
2022-09,58,01/09/2022
2022-10,62,01/10/2022
2022-11,78,01/11/2022
,,